"","term","sumsq","df","statistic","p.value"
"1","treatment",0.108110083333333,1,5.62414759105872,0.0391748951387645
"2","Residuals",0.192224833333333,10,NA,NA
