"","term","sumsq","df","statistic","p.value"
"1","treatment",4.51168033333334,1,6.62113644283982,0.0277400419786141
"2","Residuals",6.81405733333335,10,NA,NA
