"","term","sumsq","df","statistic","p.value"
"1","treatment",0.0646854444444441,1,4.9150666380741,0.0343464953067765
"2","type",1.02664172222222,2,39.0042344262102,4.51805671743768e-09
"3","treatment:type",0.0195843888888889,2,0.744051287593145,0.483750523737437
"4","Residuals",0.394819333333333,30,NA,NA
