"","term","sumsq","df","statistic","p.value"
"1","treatment",461.602456333332,1,1.02710546971911,0.33473252350617
"2","Residuals",4494.20697233334,10,NA,NA
