"","term","sumsq","df","statistic","p.value"
"1","treatment",0.944162999999997,1,2.27740628909093,0.162200047851439
"2","Residuals",4.145782,10,NA,NA
