"","term","sumsq","df","statistic","p.value"
"1","treatment",0.0346687500000001,1,1.87603322183031,0.200754505715661
"2","Residuals",0.184798166666667,10,NA,NA
