"","term","sumsq","df","statistic","p.value"
"1","treatment",0.579041333333333,1,6.65789231618323,0.0274027077533688
"2","Residuals",0.869706666666667,10,NA,NA
